customer_id,frequency,recency,T,monetary_value,p_alive,predicted_purchases
1,10,200,250,100,0.9349122124043682,1.0968805654305787
2,1,10,300,50,0.0522893504744341,0.00900841276455387
3,5,150,300,80,0.6082898942427537,0.32717157984587675
4,0,0,400,0,1.0,0.06178301649973991
5,20,350,400,150,0.9508964213843851,1.3910197151286634
