customer_id,frequency,recency,T,monetary_value,expected_avg_profit,clv_12m
1,10,200,250,120.5,122.17097985645132,1458.3259153127453
2,1,10,300,45.0,54.77611339182364,5.283841977170442
3,5,150,300,85.2,87.83546176983229,313.0376096153841
5,20,350,400,155.8,156.81369465697918,2398.968855394636
